al4613,1.0,1
am4447,2.0,2
ak9804,2.0,3
as1233,1.0,4
al5684,2.0,5
al6759,1.0,4
ah2567,2.0,6
ab8825,1.0,7
ak1365,2.0,8
at2037,2.0,9
as3627,2.0,10
ah3078,2.0,11
ab8389,2.0,12
at1813,1.0,13
ao8250,2.0,2
al8826,1.0,14
ab4479,1.0,15
al5806,1.0,16
aj1457,1.0,17
ar7586,2.0,18
am6718,1.0,19
as4057,2.0,20
az6923,2.0,21
ab9912,2.0,22
ap8429,1.0,23
ag4728,1.0,24
am5109,2.0,22
ab3717,1.0,25
ah5707,1.0,26
ad9791,1.0,27
aw2983,2.0,28
lj2993,2.0,22
rb1832,1.0,1
ld8122,2.0,21
md5914,2.0,13
kf8268,2.0,29
pz6665,1.0,30
mr6639,1.0,31
sc5452,2.0,7
tp8468,2.0,26
ih9335,2.0,32
me9525,1.0,27
pr4075,1.0,19
nk8056,1.0,33
jz5577,1.0,34
jp2632,1.0,35
lk7361,2.0,22
ks1880,1.0,35
ms2404,2.0,36
ih5431,1.0,37
sm4115,1.0,17
js8078,2.0,34
mb4117,2.0,38
rm8585,1.0,23
mg1976,1.0,9
kc4364,1.0,33
rh2046,2.0,38
jh2885,2.0,14
ms9362,1.0,35
jl6447,2.0,39
mr2329,2.0,28
ma5503,1.0,40
rb4971,1.0,6
jc5818,1.0,7
kg2618,2.0,14
lg4120,1.0,41
sg2123,2.0,5
tp3946,2.0,12
sb5076,1.0,26
mh2221,2.0,5
vs8351,2.0,21
mm1324,1.0,31
tg2289,1.0,12
mk4648,1.0,18
sa8884,1.0,18
kn1468,2.0,42
jk5833,2.0,29
md1699,1.0,43
mc4814,2.0,21
ll2646,1.0,44
mr3369,2.0,42
tb7100,2.0,27
wm3293,2.0,45
jb9557,2.0,23
ko8881,1.0,25
zj6533,2.0,27
mb4756,1.0,7
mr3556,2.0,1
md3813,1.0,27
km6173,2.0,38
sg3060,1.0,40
ms7605,2.0,22
tm4946,2.0,17
jg1721,2.0,3
yc2897,1.0,40
ss9714,1.0,10
rb9779,2.0,9
zr6768,2.0,25
rc6428,2.0,46
jt5287,2.0,47
lo7605,2.0,40
tr4637,1.0,11
lr3728,2.0,34
xg4863,2.0,2
me5010,2.0,10
lr5472,1.0,33
sh4974,1.0,6
la9924,2.0,1
ms2737,2.0,38
tb8127,1.0,19
mm2976,1.0,36
th3170,1.0,46
kk3742,2.0,48
nd2615,1.0,33
sb6428,2.0,49
rr9237,2.0,13
mm1660,1.0,41
mr1462,1.0,28
lg1828,2.0,25
jo7172,2.0,32
ma5045,2.0,47
mc4696,2.0,11
rs3973,1.0,21
my7428,2.0,20
mv4275,1.0,44
vw5806,1.0,21
nr4230,2.0,35
ma3543,2.0,12
mc9149,2.0,33
lg2530,2.0,18
sh4671,1.0,6
mt7030,2.0,27
lt3713,1.0,10
jw3861,1.0,8
kr4923,2.0,33
nf6339,2.0,31
md6319,2.0,21
mb1688,2.0,49
mk5190,2.0,3
mk3204,1.0,31
oc3904,1.0,50
km6627,1.0,19
js6308,2.0,47
jw4897,1.0,27
vl7715,2.0,51
ph3861,1.0,17
md2194,1.0,23
jh3919,1.0,9
mw5114,2.0,50
ld6778,1.0,50
mc1411,2.0,10
lg7099,1.0,10
mm9659,1.0,34
rc5324,1.0,18
mz7312,1.0,51
ml5786,1.0,19
nh2508,2.0,29
ms2255,2.0,48
mp4954,1.0,37
lj7790,2.0,22
sr7729,1.0,16
mt8800,1.0,45
ld6540,1.0,5
sv5358,2.0,44
kf8921,1.0,20
rh4718,2.0,12
vt8578,2.0,46
lu6872,1.0,31
lb6520,1.0,50
kb6941,1.0,32
rv5469,1.0,47
ml7975,1.0,18
mj4880,2.0,31
jf9661,2.0,15
lt8366,2.0,51
js7099,2.0,44
rf2661,2.0,47
js8165,1.0,14
kk3115,1.0,25
mr4635,1.0,50
ve8889,1.0,50
ml3983,2.0,23
ld8065,1.0,40
jk4403,2.0,24
in2805,2.0,46
pb8346,2.0,29
rf1782,2.0,28
mn6721,2.0,33
sm6043,1.0,6
lj2224,2.0,24
wr3515,1.0,47
wl5243,1.0,46
jr8665,2.0,41
ns1210,2.0,12
ms6173,2.0,48
na8379,2.0,46
ls6337,2.0,44
sm9645,1.0,8
rr8243,1.0,10
lw4369,2.0,17
il3541,1.0,7
mg8505,2.0,30
mo1186,2.0,35
pw1726,2.0,8
lm6031,2.0,6
mj6359,2.0,20
pc8832,2.0,28
mf8214,1.0,6
jb5052,2.0,52
ma8938,2.0,18
lf4727,2.0,30
jh1874,2.0,53
rb6281,1.0,53
mr5864,1.0,8
ml6213,2.0,37
mk7773,1.0,50
nc8172,1.0,41
mj5914,2.0,2
me2148,2.0,39
mk8847,2.0,22
my3786,1.0,51
jm3669,2.0,42
uf7067,1.0,53
mr2575,2.0,39
mb3709,1.0,26
jk4409,1.0,49
ys9174,2.0,13
rf1538,2.0,42
no6118,2.0,25
lc4994,2.0,1
oh8195,1.0,6
jc2471,2.0,47
mm3162,2.0,43
jh7997,2.0,16
ik6824,2.0,10
tk5748,1.0,53
ts1830,2.0,4
kr6619,2.0,17
rk2653,2.0,3
sg4622,1.0,35
jl3236,2.0,35
kh1826,1.0,9
me2596,1.0,45
jl9851,1.0,11
sw7724,2.0,45
kh5883,2.0,18
mn2842,1.0,32
mt7911,1.0,8
pf6936,2.0,26
mc8336,2.0,12
mv1311,1.0,30
kk2666,1.0,5
ok7520,2.0,20
mt3151,2.0,16
lb8326,1.0,12
lh1031,1.0,44
mn1239,2.0,7
ka1472,2.0,34
tt1799,2.0,41
mr5565,2.0,27
ma6036,1.0,38
mr9406,2.0,3
os4077,2.0,41
mi6642,2.0,28
mj1523,2.0,6
pw7815,2.0,34
jo5683,1.0,31
kl1348,2.0,5
ns2358,1.0,8
vr4622,1.0,45
mk1572,1.0,39
ts5040,2.0,20
mj1117,1.0,35
kp5214,2.0,36
me4221,2.0,45
lh8743,2.0,33
ka6770,2.0,14
wa5135,2.0,30
la7071,2.0,24
kl9753,2.0,25
jh3336,1.0,29
sb1972,2.0,21
kb3574,1.0,52
lv3076,2.0,7
mt4811,2.0,13
zp7831,1.0,17
mr1020,2.0,8
ws6593,2.0,8
lw8769,2.0,7
ms6765,1.0,30
mj9606,1.0,20
jc4011,1.0,35
mj5224,1.0,36
jz6925,2.0,3
vo6259,2.0,18
ks3998,1.0,29
mt3231,2.0,20
ws8716,1.0,45
md7627,1.0,24
th2610,2.0,10
mh8661,1.0,39
vk8864,2.0,20
mh3437,1.0,27
ww9231,2.0,7
mk1676,1.0,27
ub9586,2.0,48
lh6961,2.0,36
kf5693,1.0,26
sb2082,1.0,30
mn2870,2.0,21
ug5112,1.0,23
tk1529,1.0,33
ib2806,1.0,1
os7226,2.0,9
ne9599,1.0,30
vg5084,2.0,32
mr5670,1.0,37
km6416,2.0,35
sj7472,1.0,33
wr1679,2.0,1
mr8602,2.0,6
ma8046,2.0,23
mg1007,1.0,1
lh3004,2.0,36
zr6066,1.0,15
jg5906,1.0,48
ok5696,2.0,48
mw5391,1.0,44
sm5970,1.0,41
mn6897,1.0,13
rm8553,2.0,51
jl5459,2.0,29
ml1743,1.0,28
ph1773,2.0,17
ma8953,1.0,42
pp2997,1.0,47
vk7408,1.0,2
ro9937,1.0,39
tf2405,1.0,37
pm3642,2.0,8
kr9949,2.0,45
mt2086,1.0,29
tw6502,2.0,7
ol7450,2.0,40
jw6319,1.0,37
ok8829,2.0,53
ps1087,1.0,53
mp7952,1.0,23
sm5549,2.0,36
td2477,2.0,53
sm8842,2.0,4
jp5962,2.0,39
mg1791,2.0,27
sg1979,2.0,39
lo3428,2.0,26
ml7753,2.0,23
js3927,2.0,18
me9897,2.0,47
mb5390,2.0,37
sg4417,1.0,48
lt7103,1.0,10
pt3035,2.0,11
wc1418,1.0,7
mm2047,1.0,40
ma4242,2.0,49
jn3590,1.0,48
mh4972,1.0,34
jh3004,1.0,30
sp7638,2.0,8
vn4576,2.0,12
mj2446,2.0,16
mh9005,2.0,18
mp5777,1.0,53
mj1886,2.0,48
mp5980,2.0,7
mr7087,2.0,25
kk1267,1.0,1
jm7206,1.0,5
mm8916,1.0,46
jr1301,1.0,16
rq8420,1.0,29
tf8025,1.0,47
ob6043,1.0,20
jd3188,2.0,9
nb5135,2.0,23
js4888,2.0,36
mt1283,2.0,36
tb4699,1.0,49
jf5072,2.0,15
mj8109,1.0,14
sl8096,2.0,25
wg1476,2.0,26
lb1184,1.0,31
kw1043,2.0,3
ld4137,2.0,37
nb2686,1.0,3
rk8121,2.0,1
vp6083,1.0,38
mb7672,2.0,22
rh9618,1.0,14
lw7685,2.0,52
me6698,2.0,36
mp7693,1.0,8
us6442,2.0,34
ma9983,2.0,22
mk7105,1.0,44
ma3822,2.0,48
vy1999,2.0,31
lw8160,2.0,27
nm4783,1.0,20
nb4212,2.0,31
ms9882,2.0,15
mk2377,1.0,43
rw1366,2.0,39
mr5319,1.0,12
kz9097,2.0,21
ml7288,1.0,26
jd5932,1.0,51
lk1182,1.0,53
jk1331,1.0,49
jw9436,2.0,36
zw5425,2.0,23
jk5021,1.0,8
mn1003,2.0,27
ph8799,1.0,27
jl8774,1.0,6
mj7408,2.0,6
ns6501,1.0,18
lr5589,2.0,27
me5409,1.0,37
mc9096,2.0,25
jk4116,1.0,25
kb9285,2.0,11
kq6968,1.0,45
mj6957,2.0,23
tp4444,1.0,47
me6706,1.0,40
kb8171,2.0,21
sr6321,1.0,53
jh1737,2.0,31
sp1616,2.0,10
pm4249,1.0,22
tl1139,2.0,24
im1645,2.0,34
sd6073,2.0,6
po7371,1.0,43
wo4044,1.0,8
mc4662,1.0,42
mm9624,2.0,25
nb6183,1.0,34
mm4674,1.0,49
vh5298,2.0,53
mi2648,2.0,8
js3229,2.0,32
mt2801,1.0,53
oh9599,2.0,50
jb9306,2.0,30
jc1462,2.0,37
ks1926,2.0,51
sb5646,2.0,29
mr3116,2.0,16
sn9491,2.0,27
mg7684,1.0,16
or2228,1.0,11
md6611,1.0,32
jk4027,1.0,38
kd4323,2.0,34
mo4621,1.0,31
mg4093,1.0,18
nm3617,2.0,11
sr9640,1.0,50
mw6081,2.0,10
lt8326,1.0,7
mb8575,2.0,5
sc6597,1.0,13
ma8535,1.0,32
mb5410,2.0,48
tb1810,2.0,53
jg7835,1.0,23
yc8409,1.0,24
nl1189,2.0,8
mg8396,2.0,34
ta4214,2.0,15
jc9373,1.0,7
mr3131,1.0,53
mj9296,2.0,46
lm8503,2.0,41
mt6337,2.0,42
mo2344,2.0,42
ml8317,1.0,48
mg7641,1.0,29
ll6444,1.0,48
md1308,1.0,29
jd5592,2.0,4
sk9053,1.0,48
mt1262,2.0,25
mm6682,2.0,41
nw3340,1.0,20
td2308,2.0,37
jw3297,1.0,5
sp1402,1.0,47
ml5796,1.0,48
kc1302,2.0,38
ld9084,2.0,30
oc9232,2.0,26
ma9716,1.0,15
jh2181,1.0,45
md7018,1.0,23
rm1496,2.0,23
og7528,1.0,34
ma8013,2.0,6
kk5103,2.0,3
jj6204,1.0,16
lh7203,1.0,13
lr4974,2.0,50
rr1861,2.0,15
xb9185,1.0,47
mb2685,1.0,31
ms6799,2.0,9
lm1111,2.0,49
ja2479,2.0,46
zo2385,2.0,1
lr8600,1.0,46
kt2960,1.0,39
lh7173,1.0,43
mj8696,2.0,40
mo9119,1.0,30
mr4981,1.0,31
rr3451,1.0,3
se2637,2.0,33
jm7044,1.0,45
zg1956,2.0,24
mt7486,1.0,30
kh5965,1.0,24
rt4621,1.0,44
jr8895,1.0,23
mc3632,1.0,27
oc9673,2.0,42
pp1292,2.0,44
sr8161,1.0,48
mb3501,2.0,9
mt2330,2.0,33
ss2791,2.0,53
lt1060,1.0,42
mm9332,2.0,17
mk2051,1.0,51
jk9270,1.0,10
lc9556,2.0,41
js1332,1.0,45
ss5447,2.0,22
ma2722,2.0,28
sw9710,1.0,16
sm6158,2.0,38
ml5064,1.0,15
kh1154,2.0,35
kt5956,2.0,5
kr9918,1.0,30
ko8925,2.0,28
mf6881,2.0,51
mk4451,2.0,26
sm5255,2.0,39
rb2832,1.0,44
jr3224,1.0,50
kt2050,1.0,14
wd2661,2.0,30
rf1975,1.0,51
mn9410,2.0,6
sr4229,2.0,40
tm5315,2.0,42
ls2077,1.0,24
rr4724,2.0,21
qj6035,1.0,19
jp6334,1.0,35
ms6805,2.0,17
sm4829,2.0,40
mp8264,2.0,51
md9837,1.0,3
mc9587,2.0,31
wa5127,2.0,6
mp8748,1.0,4
vl5929,1.0,5
md8760,1.0,29
rh1754,1.0,33
mc2699,2.0,30
jh9891,1.0,46
iv6531,1.0,29
ir2135,1.0,7
mr1874,2.0,25
rr7213,2.0,43
rh6801,2.0,49
mj1770,2.0,38
mm6107,1.0,42
ma4550,2.0,32
jm2995,2.0,15
mz7054,1.0,29
km3504,1.0,25
om9683,2.0,47
jm6846,2.0,52
jk4828,1.0,13
rl4225,2.0,29
mg8599,2.0,26
lb9630,2.0,38
pp1200,2.0,7
sw4720,1.0,10
lm1801,2.0,24
mh9954,1.0,33
kw1386,2.0,51
pa6499,2.0,20
sw3767,2.0,33
rl7115,2.0,21
sb4094,1.0,33
lm3612,1.0,48
mm7898,2.0,31
sd7475,1.0,15
mz3667,2.0,25
mo1767,1.0,10
ms1481,2.0,35
wr2752,2.0,38
ou9392,1.0,48
ml9111,2.0,24
lh5555,1.0,39
rs3074,1.0,3
mb2986,2.0,31
mh2194,2.0,38
sg9224,2.0,42
sl9147,2.0,16
tz1637,2.0,14
bk5477,1.0,39
af2362,2.0,33
at5855,2.0,38
bb2708,1.0,12
ab1769,1.0,24
as5959,2.0,14
as3517,1.0,49
am9248,1.0,25
ab2069,2.0,49
ab3353,1.0,21
ag4144,1.0,45
ae4536,1.0,5
as6603,2.0,10
as6904,1.0,24
ah4627,2.0,26
ac6117,2.0,10
bs3099,2.0,37
ar5750,1.0,23
bk4164,2.0,35
ah1893,2.0,6
as4372,1.0,29
ah8649,1.0,22
bl7521,2.0,28
bp1701,2.0,40
ah2132,2.0,3
aw9070,1.0,6
ap7012,1.0,16
aw1897,1.0,6
ab3016,1.0,48
as7706,2.0,46
aw2413,2.0,39
ab4636,2.0,51
ay6012,1.0,33
am1296,1.0,28
co9856,1.0,37
bg1874,1.0,42
cz9116,1.0,23
ch1256,2.0,23
am2658,2.0,22
cg4965,1.0,47
ch2187,1.0,41
cd3328,2.0,14
bb2169,1.0,9
aj2734,2.0,19
cs3661,1.0,46
al7553,2.0,25
dg3029,1.0,51
aw5441,2.0,9
br5296,2.0,46
cb8478,1.0,45
dh5107,1.0,22
bp7844,2.0,12
cg4094,1.0,6
co3033,2.0,44
dk6748,1.0,20
ag2003,1.0,39
bh9149,2.0,3
as3353,1.0,44
bk6824,2.0,10
ds4127,2.0,52
ac5862,1.0,21
ck2097,2.0,36
cf2840,1.0,36
br8852,1.0,5
cr7454,1.0,12
ch9754,2.0,16
dh6358,1.0,7
bj2880,1.0,1
ch3297,2.0,30
ak5096,1.0,22
ag1594,1.0,32
bb3021,2.0,34
aw8623,2.0,45
cr5283,2.0,44
cn5833,1.0,44
bm9506,2.0,39
cr7460,2.0,39
ab8172,1.0,8
cr8911,2.0,24
as9069,1.0,44
bb4483,1.0,38
cw7585,1.0,1
am3245,2.0,34
cb2134,1.0,35
ah8299,1.0,35
bh1407,2.0,8
ck4064,2.0,13
cr7030,1.0,51
aa2256,2.0,32
cr7834,2.0,43
ct2924,1.0,12
bw8893,2.0,21
cg7136,2.0,38
cc2445,2.0,45
cc1235,2.0,46
ca6499,1.0,38
cq4861,1.0,2
cn5368,2.0,30
bl4092,1.0,51
ba4903,2.0,11
cw6141,2.0,21
cm4400,1.0,22
ck6661,1.0,21
co5263,1.0,29
cs4243,1.0,12
bc4962,1.0,13
af8503,2.0,52
am6323,2.0,33
bp7877,2.0,1
cw7068,2.0,24
bl6052,2.0,47
cs2006,1.0,16
ah6141,1.0,38
cs3754,1.0,28
bk6475,1.0,16
ch6057,2.0,47
ar9287,2.0,33
bm6234,1.0,50
bs1006,2.0,4
ca5845,1.0,17
cb6121,2.0,32
dh5008,1.0,41
al8943,1.0,23
ak5890,2.0,53
ca1975,2.0,15
as2674,2.0,9
ck4873,2.0,24
dr8416,1.0,44
cs5417,1.0,19
bd6345,2.0,32
bl3745,2.0,49
bo5114,2.0,42
ck8437,1.0,21
ag5931,1.0,36
bf5148,1.0,18
db2409,1.0,22
as2481,1.0,43
cd4187,1.0,49
aj3787,2.0,19
ae5810,1.0,40
cc6232,1.0,19
br8383,1.0,45
dc8417,1.0,43
ap8774,2.0,3
bb4001,2.0,14
cp9426,2.0,2
dh7522,1.0,6
ao3325,2.0,5
cs4540,1.0,3
cw3561,1.0,42
cm5322,2.0,53
ab5104,2.0,18
cw1038,2.0,26
aw8382,1.0,39
cb5065,1.0,40
bt1573,1.0,3
cs3610,1.0,30
db6530,2.0,3
cs1816,1.0,53
eh3966,1.0,36
gl5131,2.0,50
eu6734,2.0,35
gj1336,2.0,53
fe4839,1.0,6
ew9592,2.0,33
ed8801,2.0,49
gp4162,2.0,3
is6689,1.0,14
ie2276,2.0,13
ek4881,2.0,53
gj5319,2.0,14
dg3660,1.0,27
em6584,2.0,50
db1016,2.0,21
gl1897,1.0,22
da1878,2.0,47
ed7159,2.0,24
gr5445,1.0,4
fk6517,1.0,49
ea7463,2.0,1
dl7664,1.0,40
dk5949,2.0,18
do9924,2.0,6
ew2287,1.0,45
dw8054,2.0,15
fo7818,1.0,45
do2791,1.0,4
dl2872,1.0,20
hc9512,1.0,29
fw9529,1.0,9
fb6120,2.0,6
ej6416,1.0,9
gs5261,2.0,38
hs3812,2.0,21
er9643,1.0,47
gb9073,2.0,39
eh3135,1.0,15
ds7254,1.0,17
dw8693,2.0,49
eb5700,1.0,51
gb8971,1.0,48
eb9702,1.0,46
fm5811,2.0,50
il8896,2.0,23
eb7897,2.0,31
gb9628,2.0,32
el2162,1.0,34
dz1220,1.0,53
em9606,1.0,43
dd7048,2.0,8
hb4427,2.0,8
du5385,1.0,50
do7088,2.0,37
hh4615,2.0,45
gl1181,2.0,2
ds7549,2.0,9
ej6093,1.0,41
dt1755,1.0,47
gh1031,1.0,22
dg9379,1.0,15
hq7130,1.0,9
dl8726,2.0,1
fk3783,1.0,14
hs3254,1.0,52
eg9777,1.0,42
eh8403,2.0,40
dg1041,1.0,27
ew3399,1.0,1
dr5383,2.0,22
ib8603,2.0,19
ef2211,1.0,11
hs6780,2.0,13
dh7046,1.0,17
gl5818,1.0,24
gr4392,2.0,7
hm9327,1.0,9
er5239,1.0,51
ek3642,1.0,12
gr4591,2.0,4
fw2120,1.0,23
fc5125,2.0,23
hh1524,1.0,24
dg7321,1.0,36
dp4783,1.0,39
gd4593,1.0,44
dg7987,1.0,35
gr3326,1.0,53
dk1425,1.0,41
fr1588,1.0,50
hc6195,1.0,23
fa1972,1.0,34
ff4897,2.0,19
gj7421,2.0,7
dk5850,2.0,3
gh2561,2.0,41
gs2617,2.0,26
eb3303,2.0,8
dt1653,1.0,4
em9510,1.0,2
hh1856,2.0,31
eh6509,2.0,42
hm8630,2.0,12
eq3640,2.0,21
hw8828,2.0,37
ew8925,1.0,8
ek5867,1.0,18
dm6277,1.0,40
er2458,2.0,29
ew2185,1.0,40
gp3361,1.0,10
dh7362,2.0,34
eo6418,1.0,44
da3247,1.0,8
gd1891,2.0,47
dm4287,2.0,8
dj4017,1.0,36
dg3528,2.0,22
iw4518,2.0,37
ds8193,1.0,11
ds2879,1.0,6
hl4356,2.0,22
dw5475,2.0,15
ft1093,1.0,8
fs3719,1.0,13
ds2224,2.0,19
es8944,1.0,34
gt3176,1.0,12
dc7489,1.0,26
ek7386,2.0,30
fg4672,2.0,22
da2022,1.0,53
fs1546,2.0,34
ew7279,2.0,33
hh9927,2.0,9
gd6812,2.0,50
gh4919,1.0,2
hb6400,2.0,41
dl4708,1.0,21
fw1745,2.0,19
gb6345,1.0,4
ed1041,1.0,27
er8341,1.0,33
ej3628,1.0,39
gs3266,2.0,20
dm6239,2.0,29
fh7189,2.0,44
gr1809,2.0,34
hm5525,1.0,4
eg7228,2.0,35
em2859,1.0,28
eg5689,1.0,31
dc8436,2.0,28
eo5933,1.0,25
ek2555,2.0,47
ib9263,2.0,53
dl7100,1.0,25
gh1212,2.0,10
dc3082,2.0,16
em3990,2.0,15
dk9439,2.0,47
gs6695,1.0,52
gp6880,2.0,28
es9891,1.0,39
ds2211,2.0,42
er2244,2.0,44
do8320,2.0,48
er6539,2.0,10
ds2123,1.0,46
dg8738,1.0,32
dr9676,1.0,48
er2818,1.0,49
gc5107,2.0,10
da8807,2.0,27
gk3247,1.0,35
hs1177,1.0,40
hb7496,2.0,27
hd3109,1.0,27
dm9701,2.0,30
es2273,1.0,42
em7352,1.0,29
dr6246,2.0,53
dw2632,2.0,25
dh1318,2.0,51
ev8921,2.0,12
gw5806,1.0,1
dr3255,2.0,37
dh3792,2.0,46
dc5453,2.0,45
fh5083,1.0,51
ew8429,1.0,48
eb2377,1.0,46
fr6216,1.0,18
eb9389,2.0,14
ee6932,2.0,52
er9391,2.0,14
da4619,2.0,46
dr7544,1.0,44
ej7700,1.0,51
df7770,1.0,52
ds5937,2.0,12
hk5972,1.0,6
dg6925,2.0,29
em9445,1.0,30
gk9861,2.0,28
gc5114,1.0,41
dj1479,2.0,13
hr2868,2.0,7
fb4575,1.0,28
de5828,2.0,32
fm5590,2.0,44
fr8166,1.0,20
dl6390,1.0,53
df8189,2.0,20
al4613,1.0,46
am4447,1.0,21
ak9804,1.0,45
as1233,2.0,13
al5684,1.0,19
al6759,1.0,28
ah2567,1.0,11
ab8825,1.0,40
ak1365,1.0,11
at2037,1.0,20
as3627,1.0,4
ah3078,2.0,49
ab8389,2.0,6
at1813,2.0,47
ao8250,2.0,10
al8826,2.0,39
ab4479,2.0,46
al5806,2.0,53
aj1457,1.0,53
ar7586,1.0,16
am6718,1.0,52
as4057,1.0,45
az6923,2.0,22
ab9912,1.0,25
ap8429,1.0,20
ag4728,1.0,43
am5109,1.0,23
ab3717,2.0,49
ah5707,1.0,31
ad9791,2.0,16
aw2983,2.0,42
lj2993,1.0,30
rb1832,2.0,38
ld8122,1.0,34
md5914,2.0,4
kf8268,1.0,32
pz6665,1.0,16
mr6639,2.0,44
sc5452,1.0,43
tp8468,1.0,9
ih9335,1.0,29
me9525,1.0,31
pr4075,2.0,36
nk8056,1.0,53
jz5577,1.0,37
jp2632,2.0,49
lk7361,1.0,49
ks1880,1.0,36
ms2404,1.0,3
ih5431,2.0,5
sm4115,2.0,3
js8078,1.0,38
mb4117,2.0,34
rm8585,1.0,27
mg1976,1.0,39
kc4364,1.0,51
rh2046,1.0,42
jh2885,1.0,41
ms9362,2.0,53
jl6447,1.0,15
mr2329,1.0,48
ma5503,2.0,49
rb4971,2.0,36
jc5818,2.0,8
kg2618,1.0,26
lg4120,2.0,8
sg2123,1.0,30
tp3946,2.0,38
sb5076,2.0,2
mh2221,2.0,7
vs8351,1.0,52
mm1324,2.0,48
tg2289,2.0,25
mk4648,2.0,15
sa8884,2.0,14
kn1468,1.0,12
jk5833,1.0,28
md1699,2.0,40
mc4814,1.0,32
ll2646,2.0,21
mr3369,2.0,30
tb7100,2.0,44
wm3293,2.0,43
jb9557,1.0,16
ko8881,2.0,4
zj6533,2.0,8
mb4756,2.0,15
mr3556,2.0,52
md3813,1.0,3
km6173,2.0,10
sg3060,2.0,45
ms7605,2.0,43
tm4946,2.0,38
jg1721,1.0,6
yc2897,2.0,14
ss9714,1.0,11
rb9779,1.0,13
zr6768,1.0,43
rc6428,1.0,8
jt5287,2.0,13
lo7605,1.0,32
tr4637,1.0,33
lr3728,1.0,25
xg4863,1.0,32
me5010,1.0,17
lr5472,1.0,35
sh4974,1.0,45
la9924,2.0,38
ms2737,2.0,25
tb8127,2.0,34
mm2976,2.0,9
th3170,2.0,48
kk3742,1.0,17
nd2615,1.0,21
sb6428,2.0,50
rr9237,1.0,4
mm1660,1.0,47
mr1462,2.0,31
lg1828,2.0,52
jo7172,1.0,29
ma5045,2.0,8
mc4696,2.0,8
rs3973,2.0,6
my7428,1.0,5
mv4275,1.0,39
vw5806,1.0,4
nr4230,1.0,38
ma3543,1.0,21
mc9149,2.0,25
lg2530,1.0,31
sh4671,2.0,30
mt7030,2.0,23
lt3713,2.0,35
jw3861,1.0,30
kr4923,2.0,17
nf6339,1.0,47
md6319,2.0,30
mb1688,1.0,10
mk5190,2.0,21
mk3204,1.0,35
oc3904,1.0,29
km6627,1.0,10
js6308,2.0,32
jw4897,2.0,50
vl7715,1.0,43
ph3861,2.0,3
md2194,2.0,5
jh3919,1.0,33
mw5114,1.0,13
ld6778,1.0,41
mc1411,2.0,7
lg7099,2.0,53
mm9659,2.0,4
rc5324,2.0,38
mz7312,1.0,35
ml5786,2.0,2
nh2508,2.0,43
ms2255,2.0,3
mp4954,1.0,43
lj7790,2.0,33
sr7729,2.0,5
mt8800,1.0,4
ld6540,2.0,45
sv5358,1.0,50
kf8921,2.0,26
rh4718,1.0,28
vt8578,1.0,29
lu6872,2.0,5
lb6520,2.0,53
kb6941,1.0,48
rv5469,2.0,21
ml7975,2.0,25
mj4880,1.0,27
jf9661,2.0,48
lt8366,2.0,21
js7099,1.0,29
rf2661,1.0,7
js8165,1.0,17
kk3115,1.0,32
mr4635,2.0,3
ve8889,2.0,18
ml3983,1.0,19
ld8065,2.0,26
jk4403,1.0,5
in2805,2.0,1
pb8346,1.0,1
rf1782,1.0,45
mn6721,1.0,52
sm6043,2.0,27
lj2224,2.0,13
wr3515,2.0,52
wl5243,2.0,39
jr8665,2.0,30
ns1210,2.0,6
ms6173,2.0,51
na8379,2.0,13
ls6337,2.0,32
sm9645,2.0,21
rr8243,1.0,1
lw4369,1.0,42
il3541,2.0,14
mg8505,1.0,15
mo1186,1.0,27
pw1726,1.0,23
lm6031,1.0,42
mj6359,2.0,7
pc8832,2.0,40
mf8214,2.0,16
jb5052,1.0,4
ma8938,2.0,42
lf4727,1.0,32
jh1874,1.0,10
rb6281,2.0,46
mr5864,2.0,39
ml6213,2.0,39
mk7773,2.0,30
nc8172,2.0,1
mj5914,1.0,12
me2148,2.0,27
mk8847,2.0,48
my3786,1.0,8
jm3669,2.0,39
uf7067,1.0,52
mr2575,1.0,27
mb3709,2.0,32
jk4409,1.0,12
ys9174,1.0,46
rf1538,2.0,9
no6118,2.0,27
lc4994,2.0,53
oh8195,2.0,45
jc2471,2.0,44
mm3162,1.0,39
jh7997,1.0,9
ik6824,2.0,28
tk5748,2.0,31
ts1830,1.0,5
kr6619,1.0,21
rk2653,1.0,17
sg4622,1.0,47
jl3236,2.0,4
kh1826,1.0,53
me2596,1.0,5
jl9851,1.0,40
sw7724,1.0,2
kh5883,1.0,2
mn2842,1.0,49
mt7911,2.0,39
pf6936,2.0,8
mc8336,2.0,5
mv1311,2.0,49
kk2666,2.0,45
ok7520,2.0,31
mt3151,1.0,17
lb8326,1.0,10
lh1031,1.0,41
mn1239,1.0,16
ka1472,1.0,45
tt1799,2.0,4
mr5565,2.0,11
ma6036,1.0,53
mr9406,1.0,46
os4077,2.0,50
mi6642,1.0,20
mj1523,1.0,25
pw7815,1.0,44
jo5683,2.0,26
kl1348,1.0,31
ns2358,2.0,7
vr4622,2.0,20
mk1572,1.0,17
ts5040,2.0,35
mj1117,2.0,48
kp5214,2.0,50
me4221,2.0,43
lh8743,1.0,34
ka6770,2.0,38
wa5135,2.0,33
la7071,1.0,17
kl9753,1.0,17
jh3336,1.0,33
sb1972,2.0,33
kb3574,1.0,43
lv3076,2.0,3
mt4811,2.0,9
zp7831,1.0,4
mr1020,2.0,33
ws6593,2.0,17
lw8769,2.0,27
ms6765,2.0,11
mj9606,2.0,30
jc4011,1.0,32
mj5224,1.0,47
jz6925,2.0,11
vo6259,2.0,5
ks3998,2.0,39
mt3231,2.0,34
ws8716,1.0,27
md7627,1.0,23
th2610,2.0,16
mh8661,2.0,23
vk8864,1.0,15
mh3437,2.0,46
ww9231,1.0,30
mk1676,1.0,17
ub9586,2.0,2
lh6961,1.0,46
kf5693,1.0,18
sb2082,1.0,14
mn2870,1.0,43
ug5112,1.0,36
tk1529,2.0,27
ib2806,1.0,17
os7226,2.0,8
ne9599,2.0,18
vg5084,2.0,46
mr5670,2.0,7
km6416,1.0,7
sj7472,1.0,24
wr1679,2.0,22
mr8602,1.0,46
ma8046,2.0,34
mg1007,2.0,53
lh3004,2.0,37
zr6066,2.0,14
jg5906,2.0,13
ok5696,2.0,30
mw5391,1.0,31
sm5970,1.0,42
mn6897,2.0,15
rm8553,2.0,26
jl5459,2.0,14
ml1743,2.0,10
ph1773,2.0,27
ma8953,1.0,53
pp2997,2.0,20
vk7408,1.0,30
ro9937,2.0,34
tf2405,2.0,21
pm3642,2.0,37
kr9949,1.0,12
mt2086,1.0,28
tw6502,1.0,9
ol7450,1.0,23
jw6319,2.0,34
ok8829,1.0,18
ps1087,1.0,11
mp7952,1.0,1
sm5549,1.0,33
td2477,2.0,20
sm8842,1.0,2
jp5962,2.0,24
mg1791,1.0,51
sg1979,1.0,15
lo3428,2.0,7
ml7753,2.0,13
js3927,1.0,26
me9897,1.0,8
mb5390,1.0,40
sg4417,2.0,49
lt7103,2.0,47
pt3035,1.0,23
wc1418,1.0,39
mm2047,2.0,6
ma4242,2.0,9
jn3590,1.0,34
mh4972,1.0,40
jh3004,1.0,51
sp7638,1.0,51
vn4576,2.0,23
mj2446,1.0,42
mh9005,2.0,20
mp5777,2.0,36
mj1886,2.0,32
mp5980,1.0,46
mr7087,1.0,39
kk1267,1.0,49
jm7206,1.0,11
mm8916,1.0,6
jr1301,2.0,7
rq8420,2.0,48
tf8025,1.0,25
ob6043,2.0,27
jd3188,1.0,37
nb5135,1.0,50
js4888,2.0,49
mt1283,2.0,37
tb4699,2.0,16
jf5072,1.0,27
mj8109,2.0,45
sl8096,1.0,39
wg1476,1.0,24
lb1184,2.0,20
kw1043,1.0,18
ld4137,1.0,29
nb2686,1.0,36
rk8121,2.0,44
vp6083,2.0,36
mb7672,2.0,26
rh9618,1.0,15
lw7685,2.0,13
me6698,2.0,53
mp7693,2.0,32
us6442,2.0,4
ma9983,1.0,35
mk7105,2.0,27
ma3822,1.0,5
vy1999,1.0,28
lw8160,2.0,18
nm4783,2.0,34
nb4212,2.0,25
ms9882,2.0,32
mk2377,2.0,19
rw1366,1.0,35
mr5319,2.0,9
kz9097,2.0,41
ml7288,1.0,41
jd5932,1.0,16
lk1182,1.0,15
jk1331,1.0,52
jw9436,2.0,22
zw5425,2.0,36
jk5021,1.0,4
mn1003,2.0,3
ph8799,1.0,7
jl8774,2.0,10
mj7408,2.0,23
ns6501,2.0,20
lr5589,2.0,50
me5409,1.0,46
mc9096,1.0,53
jk4116,1.0,41
kb9285,2.0,38
kq6968,2.0,36
mj6957,2.0,11
tp4444,2.0,36
me6706,2.0,36
kb8171,2.0,44
sr6321,2.0,24
jh1737,1.0,45
sp1616,2.0,43
pm4249,2.0,12
tl1139,1.0,31
im1645,1.0,5
sd6073,2.0,1
po7371,1.0,36
wo4044,2.0,27
mc4662,1.0,48
mm9624,2.0,23
nb6183,2.0,32
mm4674,2.0,48
vh5298,1.0,31
mi2648,2.0,38
js3229,2.0,22
mt2801,1.0,31
oh9599,2.0,14
jb9306,1.0,51
jc1462,1.0,17
ks1926,1.0,41
sb5646,1.0,50
mr3116,2.0,23
sn9491,1.0,6
mg7684,2.0,5
or2228,2.0,3
md6611,1.0,22
jk4027,2.0,24
kd4323,1.0,44
mo4621,1.0,16
mg4093,1.0,7
nm3617,1.0,2
sr9640,2.0,13
mw6081,1.0,31
lt8326,2.0,39
mb8575,2.0,17
sc6597,1.0,51
ma8535,2.0,35
mb5410,1.0,12
tb1810,1.0,8
jg7835,2.0,48
yc8409,2.0,52
nl1189,2.0,20
mg8396,1.0,24
ta4214,2.0,2
jc9373,2.0,40
mr3131,2.0,35
mj9296,1.0,34
lm8503,2.0,3
mt6337,2.0,30
mo2344,2.0,41
ml8317,1.0,26
mg7641,1.0,6
ll6444,1.0,22
md1308,1.0,19
jd5592,1.0,43
sk9053,1.0,43
mt1262,1.0,31
mm6682,1.0,12
nw3340,1.0,16
td2308,1.0,14
jw3297,1.0,28
sp1402,2.0,9
ml5796,2.0,50
kc1302,2.0,12
ld9084,1.0,44
oc9232,2.0,27
ma9716,1.0,37
jh2181,1.0,20
md7018,2.0,36
rm1496,2.0,8
og7528,1.0,53
ma8013,2.0,21
kk5103,2.0,31
jj6204,1.0,15
lh7203,2.0,9
lr4974,2.0,42
rr1861,1.0,31
xb9185,1.0,2
mb2685,2.0,5
ms6799,2.0,37
lm1111,1.0,16
ja2479,1.0,21
zo2385,2.0,47
lr8600,1.0,21
kt2960,1.0,49
lh7173,1.0,17
mj8696,1.0,42
mo9119,2.0,10
mr4981,2.0,47
rr3451,2.0,20
se2637,2.0,38
jm7044,2.0,7
zg1956,1.0,25
mt7486,1.0,45
kh5965,2.0,34
rt4621,2.0,27
jr8895,2.0,3
mc3632,1.0,30
oc9673,2.0,5
pp1292,1.0,17
sr8161,1.0,14
mb3501,2.0,15
mt2330,2.0,14
ss2791,1.0,6
lt1060,1.0,37
mm9332,1.0,5
mk2051,1.0,50
jk9270,1.0,48
lc9556,2.0,5
js1332,2.0,17
ss5447,1.0,35
ma2722,2.0,7
sw9710,1.0,44
sm6158,2.0,27
ml5064,1.0,17
kh1154,2.0,52
kt5956,1.0,34
kr9918,2.0,20
ko8925,2.0,4
mf6881,1.0,37
mk4451,2.0,25
sm5255,2.0,45
rb2832,1.0,29
jr3224,1.0,35
kt2050,1.0,40
wd2661,2.0,25
rf1975,1.0,27
mn9410,2.0,34
sr4229,2.0,33
tm5315,1.0,11
ls2077,2.0,9
rr4724,2.0,51
qj6035,1.0,9
jp6334,2.0,27
ms6805,1.0,30
sm4829,1.0,17
mp8264,2.0,40
md9837,2.0,22
mc9587,1.0,38
wa5127,1.0,40
mp8748,2.0,13
vl5929,2.0,43
md8760,2.0,5
rh1754,1.0,16
mc2699,2.0,29
jh9891,1.0,10
iv6531,2.0,10
ir2135,1.0,27
mr1874,2.0,12
rr7213,1.0,22
rh6801,1.0,10
mj1770,1.0,16
mm6107,1.0,31
ma4550,2.0,44
jm2995,2.0,16
mz7054,2.0,43
km3504,1.0,37
om9683,2.0,39
jm6846,2.0,44
jk4828,2.0,29
rl4225,1.0,6
mg8599,1.0,16
lb9630,1.0,18
pp1200,1.0,34
sw4720,2.0,36
lm1801,1.0,18
mh9954,1.0,34
kw1386,1.0,23
pa6499,1.0,25
sw3767,2.0,32
rl7115,2.0,44
sb4094,1.0,18
lm3612,2.0,50
mm7898,2.0,19
sd7475,1.0,31
mz3667,2.0,18
mo1767,1.0,52
ms1481,1.0,11
wr2752,2.0,1
ou9392,1.0,47
ml9111,2.0,33
lh5555,1.0,43
rs3074,2.0,31
mb2986,2.0,49
mh2194,1.0,6
sg9224,2.0,53
sl9147,2.0,8
tz1637,2.0,41
bk5477,2.0,23
af2362,2.0,4
at5855,2.0,11
bb2708,1.0,19
ab1769,1.0,19
as5959,2.0,13
as3517,2.0,34
am9248,1.0,50
ab2069,1.0,38
ab3353,1.0,38
ag4144,2.0,24
ae4536,1.0,31
as6603,1.0,2
as6904,1.0,29
ah4627,1.0,21
ac6117,2.0,12
bs3099,2.0,10
ar5750,2.0,41
bk4164,1.0,40
ah1893,1.0,28
as4372,1.0,50
ah8649,2.0,3
bl7521,1.0,17
bp1701,2.0,19
ah2132,1.0,11
aw9070,1.0,22
ap7012,1.0,24
aw1897,1.0,27
ab3016,2.0,3
as7706,1.0,6
aw2413,1.0,4
ab4636,1.0,11
ay6012,2.0,35
am1296,2.0,19
co9856,2.0,41
bg1874,2.0,20
cz9116,1.0,51
ch1256,1.0,19
am2658,2.0,23
cg4965,1.0,32
ch2187,2.0,44
cd3328,1.0,10
bb2169,2.0,8
aj2734,1.0,40
cs3661,2.0,27
al7553,2.0,19
dg3029,2.0,22
aw5441,2.0,42
br5296,2.0,36
cb8478,1.0,23
dh5107,1.0,30
bp7844,1.0,44
cg4094,1.0,15
co3033,2.0,52
dk6748,2.0,26
ag2003,2.0,13
bh9149,1.0,41
as3353,1.0,43
bk6824,2.0,9
ds4127,1.0,18
ac5862,1.0,12
ck2097,1.0,10
cf2840,1.0,16
br8852,2.0,24
cr7454,1.0,25
ch9754,1.0,48
dh6358,1.0,12
bj2880,1.0,31
ch3297,2.0,24
ak5096,2.0,8
ag1594,1.0,45
bb3021,2.0,18
aw8623,1.0,9
cr5283,2.0,41
cn5833,1.0,36
bm9506,2.0,9
cr7460,2.0,14
ab8172,2.0,29
cr8911,2.0,51
as9069,2.0,22
bb4483,1.0,2
cw7585,2.0,26
am3245,2.0,43
cb2134,2.0,2
ah8299,1.0,24
bh1407,1.0,27
ck4064,2.0,46
cr7030,2.0,2
aa2256,1.0,5
cr7834,1.0,6
ct2924,2.0,18
bw8893,2.0,39
cg7136,2.0,29
cc2445,1.0,30
cc1235,1.0,23
ca6499,1.0,51
cq4861,1.0,31
cn5368,2.0,34
bl4092,2.0,20
ba4903,2.0,51
cw6141,2.0,51
cm4400,2.0,50
ck6661,2.0,43
co5263,1.0,15
cs4243,2.0,14
bc4962,2.0,36
af8503,2.0,36
am6323,1.0,15
bp7877,1.0,27
cw7068,1.0,32
bl6052,2.0,34
cs2006,2.0,29
ah6141,2.0,36
cs3754,2.0,52
bk6475,1.0,15
ch6057,2.0,44
ar9287,2.0,45
bm6234,2.0,47
bs1006,2.0,40
ca5845,2.0,27
cb6121,2.0,17
dh5008,2.0,6
al8943,2.0,29
ak5890,1.0,52
ca1975,2.0,11
as2674,2.0,6
ck4873,1.0,7
dr8416,2.0,21
cs5417,1.0,12
bd6345,2.0,30
bl3745,2.0,50
bo5114,2.0,48
ck8437,1.0,35
ag5931,1.0,13
bf5148,1.0,28
db2409,2.0,37
as2481,1.0,5
cd4187,1.0,7
aj3787,1.0,24
ae5810,1.0,36
cc6232,2.0,48
br8383,1.0,13
dc8417,1.0,49
ap8774,2.0,1
bb4001,2.0,48
cp9426,2.0,31
dh7522,1.0,50
ao3325,1.0,42
cs4540,1.0,27
cw3561,2.0,39
cm5322,2.0,9
ab5104,1.0,48
cw1038,1.0,28
aw8382,2.0,17
cb5065,2.0,3
bt1573,1.0,46
cs3610,1.0,8
db6530,1.0,39
cs1816,1.0,6
eh3966,2.0,28
gl5131,2.0,17
eu6734,2.0,39
gj1336,1.0,23
fe4839,1.0,18
ew9592,2.0,15
ed8801,2.0,50
gp4162,1.0,43
is6689,1.0,36
ie2276,1.0,19
ek4881,2.0,30
gj5319,2.0,35
dg3660,1.0,38
em6584,2.0,30
db1016,1.0,4
gl1897,2.0,47
da1878,2.0,28
ed7159,1.0,35
gr5445,1.0,12
fk6517,1.0,11
ea7463,2.0,35
dl7664,1.0,43
dk5949,2.0,41
do9924,1.0,32
ew2287,2.0,6
dw8054,2.0,32
fo7818,1.0,16
do2791,2.0,10
dl2872,2.0,52
hc9512,2.0,38
fw9529,2.0,35
fb6120,2.0,41
ej6416,2.0,6
gs5261,1.0,35
hs3812,2.0,1
er9643,1.0,7
gb9073,1.0,52
eh3135,2.0,48
ds7254,2.0,39
dw8693,1.0,15
eb5700,1.0,4
gb8971,2.0,20
eb9702,2.0,27
fm5811,1.0,5
il8896,1.0,46
eb7897,2.0,18
gb9628,1.0,8
el2162,1.0,9
dz1220,2.0,31
em9606,2.0,10
dd7048,2.0,33
hb4427,2.0,10
du5385,1.0,43
do7088,1.0,29
hh4615,1.0,10
gl1181,1.0,48
ds7549,1.0,30
ej6093,1.0,48
dt1755,1.0,18
gh1031,2.0,51
dg9379,2.0,53
hq7130,1.0,13
dl8726,2.0,26
fk3783,2.0,40
hs3254,2.0,19
eg9777,2.0,18
eh8403,1.0,20
dg1041,1.0,53
ew3399,2.0,53
dr5383,2.0,33
ib8603,2.0,38
ef2211,2.0,1
hs6780,1.0,43
dh7046,1.0,8
gl5818,1.0,22
gr4392,1.0,12
hm9327,1.0,50
er5239,2.0,29
ek3642,2.0,53
gr4591,2.0,27
fw2120,2.0,4
fc5125,1.0,35
hh1524,1.0,40
dg7321,1.0,13
dp4783,2.0,6
gd4593,1.0,47
dg7987,1.0,10
gr3326,1.0,45
dk1425,1.0,32
fr1588,1.0,23
hc6195,2.0,5
fa1972,2.0,36
ff4897,1.0,7
gj7421,2.0,32
dk5850,1.0,45
gh2561,2.0,47
gs2617,1.0,20
eb3303,2.0,33
dt1653,2.0,49
em9510,1.0,46
hh1856,2.0,10
eh6509,2.0,39
hm8630,2.0,43
eq3640,1.0,32
hw8828,1.0,24
ew8925,1.0,17
ek5867,2.0,48
dm6277,2.0,50
er2458,2.0,35
ew2185,2.0,39
gp3361,2.0,18
dh7362,1.0,37
eo6418,2.0,33
da3247,1.0,22
gd1891,2.0,34
dm4287,1.0,2
dj4017,2.0,16
dg3528,2.0,15
iw4518,1.0,33
ds8193,2.0,35
ds2879,2.0,39
hl4356,2.0,25
dw5475,1.0,5
ft1093,1.0,48
fs3719,1.0,40
ds2224,1.0,33
es8944,1.0,17
gt3176,2.0,26
dc7489,1.0,5
ek7386,2.0,8
fg4672,2.0,25
da2022,1.0,43
fs1546,2.0,28
ew7279,2.0,52
hh9927,2.0,53
gd6812,2.0,14
gh4919,2.0,53
hb6400,1.0,35
dl4708,2.0,41
fw1745,1.0,16
gb6345,2.0,50
ed1041,1.0,5
er8341,2.0,5
ej3628,1.0,14
gs3266,1.0,21
dm6239,1.0,14
fh7189,1.0,12
gr1809,2.0,49
hm5525,1.0,46
eg7228,1.0,5
em2859,2.0,4
eg5689,1.0,2
dc8436,1.0,7
eo5933,2.0,3
ek2555,1.0,7
ib9263,2.0,18
dl7100,1.0,23
gh1212,2.0,47
dc3082,2.0,23
em3990,2.0,41
dk9439,1.0,12
gs6695,1.0,14
gp6880,1.0,43
es9891,1.0,45
ds2211,2.0,31
er2244,1.0,21
do8320,2.0,49
er6539,2.0,26
ds2123,1.0,43
dg8738,1.0,14
dr9676,2.0,32
er2818,2.0,29
gc5107,2.0,8
da8807,1.0,53
gk3247,1.0,47
hs1177,1.0,25
hb7496,2.0,33
hd3109,1.0,50
dm9701,2.0,29
es2273,2.0,11
em7352,1.0,17
dr6246,1.0,2
dw2632,2.0,35
dh1318,2.0,48
ev8921,2.0,52
gw5806,2.0,9
dr3255,1.0,14
dh3792,1.0,25
dc5453,1.0,13
fh5083,1.0,3
ew8429,2.0,1
eb2377,1.0,13
fr6216,1.0,38
eb9389,2.0,43
ee6932,1.0,6
er9391,1.0,7
da4619,2.0,7
dr7544,1.0,8
ej7700,2.0,19
df7770,2.0,6
ds5937,2.0,24
hk5972,2.0,7
dg6925,2.0,6
em9445,1.0,1
gk9861,2.0,25
gc5114,2.0,27
dj1479,2.0,5
hr2868,1.0,50
fb4575,1.0,18
de5828,2.0,16
fm5590,2.0,36
fr8166,2.0,39
dl6390,1.0,3
df8189,2.0,4
al4613,2.0,23
am4447,1.0,32
ak9804,1.0,16
as1233,1.0,50
al5684,2.0,34
al6759,1.0,35
ah2567,2.0,52
ab8825,2.0,31
ak1365,1.0,36
at2037,2.0,10
as3627,2.0,21
ah3078,1.0,43
ab8389,1.0,9
at1813,1.0,7
ao8250,2.0,24
al8826,1.0,44
ab4479,1.0,33
al5806,1.0,14
aj1457,1.0,46
ar7586,1.0,38
am6718,1.0,16
as4057,1.0,53
az6923,2.0,17
ab9912,2.0,34
ap8429,1.0,12
ag4728,1.0,45
am5109,2.0,20
ab3717,1.0,29
ah5707,2.0,38
ad9791,1.0,18
aw2983,2.0,49
lj2993,2.0,17
rb1832,2.0,35
ld8122,2.0,45
md5914,2.0,50
kf8268,1.0,7
pz6665,2.0,46
mr6639,1.0,13
sc5452,2.0,47
tp8468,2.0,52
ih9335,1.0,28
me9525,1.0,23
pr4075,2.0,21
nk8056,2.0,20
jz5577,1.0,42
jp2632,2.0,25
lk7361,1.0,48
ks1880,1.0,43
ms2404,2.0,51
ih5431,1.0,34
sm4115,1.0,10
js8078,1.0,13
mb4117,2.0,15
rm8585,1.0,48
mg1976,2.0,21
kc4364,1.0,50
rh2046,1.0,8
jh2885,2.0,50
ms9362,2.0,49
jl6447,1.0,38
mr2329,1.0,42
ma5503,2.0,3
rb4971,1.0,39
jc5818,2.0,23
kg2618,1.0,35
lg4120,2.0,52
sg2123,1.0,7
tp3946,2.0,15
sb5076,2.0,53
mh2221,2.0,32
vs8351,2.0,16
mm1324,2.0,28
tg2289,2.0,5
mk4648,2.0,49
sa8884,1.0,19
kn1468,1.0,49
jk5833,1.0,39
md1699,2.0,36
mc4814,1.0,6
ll2646,1.0,35
mr3369,1.0,24
tb7100,1.0,20
wm3293,2.0,41
jb9557,1.0,45
ko8881,2.0,13
zj6533,1.0,18
mb4756,2.0,38
mr3556,2.0,13
md3813,2.0,26
km6173,2.0,13
sg3060,1.0,20
ms7605,2.0,6
tm4946,1.0,47
jg1721,1.0,31
yc2897,2.0,12
ss9714,2.0,35
rb9779,1.0,53
zr6768,1.0,48
rc6428,1.0,49
jt5287,2.0,18
lo7605,1.0,47
tr4637,2.0,17
lr3728,2.0,52
xg4863,1.0,35
me5010,2.0,45
lr5472,1.0,1
sh4974,2.0,39
la9924,1.0,23
ms2737,2.0,34
tb8127,2.0,7
mm2976,2.0,51
th3170,2.0,32
kk3742,1.0,33
nd2615,1.0,30
sb6428,1.0,52
rr9237,1.0,51
mm1660,1.0,4
mr1462,2.0,13
lg1828,2.0,45
jo7172,2.0,1
ma5045,1.0,16
mc4696,1.0,31
rs3973,2.0,8
my7428,1.0,28
mv4275,2.0,28
vw5806,1.0,11
nr4230,2.0,4
ma3543,1.0,14
mc9149,1.0,42
lg2530,2.0,12
sh4671,2.0,52
mt7030,2.0,13
lt3713,1.0,48
jw3861,1.0,13
kr4923,1.0,14
nf6339,1.0,53
md6319,1.0,35
mb1688,2.0,13
mk5190,1.0,14
mk3204,1.0,19
oc3904,1.0,43
km6627,1.0,30
js6308,2.0,41
jw4897,1.0,17
vl7715,1.0,33
ph3861,2.0,37
md2194,2.0,18
jh3919,2.0,15
mw5114,1.0,12
ld6778,2.0,39
mc1411,1.0,23
lg7099,2.0,16
mm9659,1.0,49
rc5324,1.0,51
mz7312,1.0,25
ml5786,1.0,28
nh2508,2.0,16
ms2255,1.0,31
mp4954,1.0,50
lj7790,2.0,18
sr7729,1.0,30
mt8800,2.0,13
ld6540,1.0,18
sv5358,2.0,34
kf8921,2.0,31
rh4718,2.0,18
vt8578,2.0,42
lu6872,2.0,38
lb6520,2.0,48
kb6941,2.0,9
rv5469,1.0,13
ml7975,1.0,20
mj4880,2.0,32
jf9661,2.0,53
lt8366,1.0,52
js7099,1.0,32
rf2661,2.0,11
js8165,2.0,50
kk3115,1.0,33
mr4635,2.0,1
ve8889,1.0,10
ml3983,1.0,51
ld8065,2.0,41
jk4403,1.0,14
in2805,1.0,36
pb8346,2.0,52
rf1782,2.0,1
mn6721,2.0,51
sm6043,2.0,24
lj2224,2.0,48
wr3515,2.0,11
wl5243,1.0,22
jr8665,2.0,23
ns1210,2.0,50
ms6173,1.0,2
na8379,1.0,41
ls6337,1.0,46
sm9645,1.0,46
rr8243,1.0,44
lw4369,1.0,53
il3541,2.0,40
mg8505,1.0,46
mo1186,1.0,51
pw1726,1.0,50
lm6031,1.0,39
mj6359,1.0,43
pc8832,2.0,13
mf8214,1.0,50
jb5052,1.0,5
ma8938,2.0,52
lf4727,1.0,16
jh1874,1.0,43
rb6281,2.0,40
mr5864,1.0,25
ml6213,2.0,52
mk7773,2.0,33
nc8172,2.0,7
mj5914,1.0,52
me2148,1.0,23
mk8847,1.0,15
my3786,1.0,31
jm3669,2.0,16
uf7067,1.0,35
mr2575,2.0,45
mb3709,2.0,15
jk4409,2.0,16
ys9174,1.0,20
rf1538,1.0,47
no6118,1.0,9
lc4994,1.0,18
oh8195,1.0,18
jc2471,2.0,14
mm3162,2.0,53
jh7997,2.0,38
ik6824,2.0,6
tk5748,1.0,44
ts1830,1.0,53
kr6619,1.0,31
rk2653,2.0,31
sg4622,2.0,1
jl3236,2.0,28
kh1826,1.0,22
me2596,2.0,27
jl9851,1.0,33
sw7724,1.0,10
kh5883,2.0,44
mn2842,2.0,2
mt7911,2.0,44
pf6936,1.0,32
mc8336,2.0,29
mv1311,2.0,45
kk2666,2.0,10
ok7520,1.0,42
mt3151,1.0,25
lb8326,2.0,14
lh1031,1.0,10
mn1239,2.0,2
ka1472,2.0,33
tt1799,1.0,19
mr5565,1.0,49
ma6036,2.0,12
mr9406,1.0,7
os4077,2.0,48
mi6642,2.0,18
mj1523,1.0,40
pw7815,1.0,3
jo5683,1.0,4
kl1348,1.0,19
ns2358,2.0,36
vr4622,1.0,26
mk1572,2.0,12
ts5040,1.0,48
mj1117,2.0,15
kp5214,1.0,48
me4221,2.0,27
lh8743,1.0,49
ka6770,2.0,16
wa5135,2.0,13
la7071,2.0,2
kl9753,1.0,33
jh3336,2.0,48
sb1972,2.0,6
kb3574,2.0,10
lv3076,2.0,36
mt4811,1.0,53
zp7831,1.0,26
mr1020,2.0,6
ws6593,2.0,43
lw8769,1.0,40
ms6765,2.0,46
mj9606,1.0,14
jc4011,1.0,44
mj5224,2.0,23
jz6925,2.0,19
vo6259,2.0,6
ks3998,2.0,7
mt3231,2.0,44
ws8716,2.0,49
md7627,1.0,8
th2610,1.0,2
mh8661,2.0,42
vk8864,1.0,41
mh3437,1.0,19
ww9231,2.0,37
mk1676,2.0,3
ub9586,1.0,53
lh6961,1.0,9
kf5693,2.0,39
sb2082,2.0,37
mn2870,1.0,51
ug5112,2.0,25
tk1529,1.0,25
ib2806,2.0,35
os7226,2.0,30
ne9599,2.0,35
vg5084,1.0,22
mr5670,2.0,33
km6416,1.0,51
sj7472,1.0,15
wr1679,2.0,19
mr8602,2.0,45
ma8046,2.0,19
mg1007,1.0,38
lh3004,1.0,26
zr6066,1.0,21
jg5906,1.0,40
ok5696,1.0,15
mw5391,2.0,29
sm5970,1.0,30
mn6897,1.0,21
rm8553,1.0,37
jl5459,1.0,40
ml1743,1.0,30
ph1773,2.0,24
ma8953,1.0,13
pp2997,1.0,22
vk7408,1.0,7
ro9937,2.0,28
tf2405,1.0,26
pm3642,1.0,47
kr9949,1.0,14
mt2086,1.0,4
tw6502,2.0,2
ol7450,1.0,3
jw6319,2.0,4
ok8829,1.0,39
ps1087,2.0,25
mp7952,2.0,49
sm5549,1.0,27
td2477,1.0,26
sm8842,2.0,33
jp5962,1.0,38
mg1791,2.0,12
sg1979,2.0,49
lo3428,2.0,45
ml7753,2.0,43
js3927,2.0,24
me9897,1.0,14
mb5390,1.0,41
sg4417,2.0,1
lt7103,2.0,43
pt3035,2.0,33
wc1418,1.0,15
mm2047,1.0,19
ma4242,2.0,45
jn3590,2.0,14
mh4972,2.0,20
jh3004,1.0,7
sp7638,1.0,11
vn4576,2.0,17
mj2446,1.0,33
mh9005,1.0,4
mp5777,1.0,8
mj1886,2.0,31
mp5980,2.0,34
mr7087,2.0,16
kk1267,1.0,2
jm7206,2.0,40
mm8916,2.0,7
jr1301,1.0,27
rq8420,2.0,2
tf8025,1.0,36
ob6043,1.0,31
jd3188,1.0,2
nb5135,1.0,21
js4888,1.0,53
mt1283,1.0,41
tb4699,1.0,18
jf5072,1.0,17
mj8109,1.0,10
sl8096,2.0,29
wg1476,2.0,47
lb1184,1.0,29
kw1043,2.0,10
ld4137,1.0,21
nb2686,2.0,12
rk8121,1.0,43
vp6083,1.0,16
mb7672,2.0,32
rh9618,2.0,12
lw7685,1.0,10
me6698,1.0,33
mp7693,2.0,10
us6442,1.0,22
ma9983,1.0,26
mk7105,1.0,26
ma3822,2.0,42
vy1999,2.0,20
lw8160,1.0,39
nm4783,1.0,13
nb4212,2.0,1
ms9882,1.0,14
mk2377,1.0,4
rw1366,1.0,38
mr5319,1.0,31
kz9097,2.0,33
ml7288,1.0,28
jd5932,1.0,30
lk1182,2.0,31
jk1331,1.0,33
jw9436,1.0,50
zw5425,2.0,21
jk5021,1.0,40
mn1003,1.0,26
ph8799,2.0,31
jl8774,1.0,32
mj7408,2.0,43
ns6501,1.0,13
lr5589,1.0,40
me5409,1.0,41
mc9096,2.0,5
jk4116,2.0,39
kb9285,1.0,46
kq6968,2.0,12
mj6957,2.0,26
tp4444,1.0,38
me6706,1.0,46
kb8171,2.0,34
sr6321,1.0,34
jh1737,2.0,38
sp1616,2.0,7
pm4249,1.0,17
tl1139,1.0,20
im1645,2.0,52
sd6073,1.0,22
po7371,1.0,52
wo4044,2.0,38
mc4662,1.0,45
mm9624,1.0,7
nb6183,2.0,10
mm4674,2.0,45
vh5298,1.0,25
mi2648,2.0,28
js3229,1.0,14
mt2801,1.0,36
oh9599,1.0,39
jb9306,1.0,46
jc1462,2.0,7
ks1926,2.0,24
sb5646,1.0,19
mr3116,1.0,6
sn9491,1.0,41
mg7684,1.0,11
or2228,1.0,31
md6611,1.0,5
jk4027,1.0,47
kd4323,1.0,38
mo4621,2.0,4
mg4093,2.0,31
nm3617,2.0,34
sr9640,2.0,14
mw6081,1.0,15
lt8326,2.0,1
mb8575,2.0,13
sc6597,1.0,26
ma8535,1.0,23
mb5410,1.0,22
tb1810,1.0,20
jg7835,1.0,2
yc8409,2.0,22
nl1189,1.0,46
mg8396,1.0,39
ta4214,1.0,44
jc9373,1.0,25
mr3131,1.0,51
mj9296,2.0,14
lm8503,2.0,8
mt6337,1.0,32
mo2344,2.0,35
ml8317,1.0,8
mg7641,2.0,30
ll6444,2.0,38
md1308,2.0,51
jd5592,2.0,1
sk9053,2.0,30
mt1262,1.0,1
mm6682,2.0,40
nw3340,2.0,32
td2308,2.0,26
jw3297,2.0,36
sp1402,1.0,50
ml5796,1.0,43
kc1302,2.0,35
ld9084,2.0,20
oc9232,2.0,48
ma9716,2.0,50
jh2181,2.0,22
md7018,1.0,40
rm1496,2.0,24
og7528,2.0,35
ma8013,1.0,42
kk5103,2.0,4
jj6204,1.0,11
lh7203,2.0,48
lr4974,1.0,14
rr1861,2.0,11
xb9185,2.0,19
mb2685,1.0,47
ms6799,2.0,12
lm1111,2.0,2
ja2479,2.0,14
zo2385,1.0,34
lr8600,2.0,47
kt2960,1.0,53
lh7173,1.0,25
mj8696,1.0,48
mo9119,2.0,28
mr4981,1.0,19
rr3451,1.0,26
se2637,2.0,40
jm7044,1.0,20
zg1956,2.0,21
mt7486,2.0,24
kh5965,2.0,10
rt4621,1.0,30
jr8895,1.0,41
mc3632,2.0,40
oc9673,1.0,31
pp1292,1.0,39
sr8161,2.0,32
mb3501,2.0,35
mt2330,1.0,53
ss2791,2.0,22
lt1060,1.0,38
mm9332,2.0,24
mk2051,1.0,49
jk9270,1.0,36
lc9556,1.0,34
js1332,2.0,2
ss5447,1.0,36
ma2722,1.0,24
sw9710,2.0,3
sm6158,1.0,32
ml5064,2.0,25
kh1154,2.0,46
kt5956,1.0,9
kr9918,2.0,46
ko8925,2.0,10
mf6881,1.0,45
mk4451,2.0,10
sm5255,1.0,3
rb2832,2.0,39
jr3224,1.0,17
kt2050,1.0,10
wd2661,2.0,50
rf1975,1.0,17
mn9410,1.0,28
sr4229,2.0,38
tm5315,1.0,21
ls2077,1.0,33
rr4724,1.0,17
qj6035,2.0,43
jp6334,1.0,22
ms6805,1.0,13
sm4829,2.0,12
mp8264,1.0,2
md9837,1.0,18
mc9587,2.0,14
wa5127,1.0,46
mp8748,1.0,45
vl5929,1.0,33
md8760,2.0,9
rh1754,1.0,4
mc2699,2.0,51
jh9891,2.0,9
iv6531,1.0,8
ir2135,2.0,42
mr1874,2.0,39
rr7213,1.0,13
rh6801,1.0,23
mj1770,1.0,25
mm6107,1.0,12
ma4550,1.0,35
jm2995,2.0,39
mz7054,2.0,17
km3504,1.0,46
om9683,1.0,14
jm6846,1.0,39
jk4828,2.0,40
rl4225,2.0,42
mg8599,1.0,39
lb9630,2.0,51
pp1200,1.0,15
sw4720,2.0,31
lm1801,2.0,52
mh9954,1.0,28
kw1386,1.0,50
pa6499,1.0,35
sw3767,2.0,14
rl7115,1.0,32
sb4094,2.0,14
lm3612,2.0,18
mm7898,1.0,24
sd7475,2.0,4
mz3667,1.0,50
mo1767,1.0,28
ms1481,1.0,1
wr2752,1.0,29
ou9392,1.0,32
ml9111,1.0,28
lh5555,2.0,22
rs3074,1.0,32
mb2986,2.0,48
mh2194,2.0,40
sg9224,1.0,41
sl9147,1.0,10
tz1637,1.0,7
bk5477,2.0,3
af2362,2.0,45
at5855,1.0,34
bb2708,2.0,30
ab1769,1.0,44
as5959,2.0,50
as3517,2.0,9
am9248,1.0,18
ab2069,2.0,1
ab3353,1.0,43
ag4144,1.0,30
ae4536,2.0,23
as6603,2.0,6
as6904,2.0,35
ah4627,1.0,44
ac6117,1.0,19
bs3099,1.0,26
ar5750,1.0,40
bk4164,2.0,11
ah1893,1.0,27
as4372,1.0,24
ah8649,2.0,5
bl7521,1.0,49
bp1701,2.0,20
ah2132,2.0,5
aw9070,2.0,36
ap7012,2.0,53
aw1897,1.0,11
ab3016,2.0,52
as7706,1.0,29
aw2413,2.0,49
ab4636,2.0,17
ay6012,2.0,3
am1296,2.0,38
co9856,1.0,3
bg1874,2.0,32
cz9116,1.0,29
ch1256,1.0,28
am2658,1.0,20
cg4965,1.0,49
ch2187,2.0,27
cd3328,1.0,19
bb2169,1.0,10
aj2734,2.0,48
cs3661,1.0,44
al7553,2.0,46
dg3029,1.0,37
aw5441,2.0,43
br5296,1.0,44
cb8478,1.0,33
dh5107,1.0,25
bp7844,2.0,22
cg4094,1.0,40
co3033,1.0,41
dk6748,1.0,32
ag2003,2.0,10
bh9149,1.0,47
as3353,1.0,10
bk6824,1.0,31
ds4127,2.0,12
ac5862,2.0,8
ck2097,2.0,49
cf2840,2.0,43
br8852,1.0,20
cr7454,2.0,52
ch9754,2.0,52
dh6358,1.0,34
bj2880,1.0,21
ch3297,1.0,22
ak5096,2.0,50
ag1594,2.0,40
bb3021,1.0,41
aw8623,2.0,7
cr5283,1.0,13
cn5833,2.0,42
bm9506,1.0,36
cr7460,2.0,37
ab8172,1.0,53
cr8911,1.0,53
as9069,1.0,25
bb4483,2.0,45
cw7585,1.0,20
am3245,1.0,9
cb2134,2.0,18
ah8299,1.0,11
bh1407,1.0,29
ck4064,2.0,31
cr7030,2.0,22
aa2256,1.0,24
cr7834,1.0,3
ct2924,2.0,45
bw8893,1.0,8
cg7136,2.0,47
cc2445,1.0,35
cc1235,2.0,43
ca6499,1.0,39
cq4861,2.0,14
cn5368,1.0,7
bl4092,2.0,1
ba4903,1.0,53
cw6141,1.0,47
cm4400,1.0,33
ck6661,2.0,4
co5263,1.0,38
cs4243,2.0,11
bc4962,2.0,31
af8503,1.0,32
am6323,2.0,7
bp7877,2.0,28
cw7068,1.0,43
bl6052,1.0,38
cs2006,1.0,21
ah6141,2.0,53
cs3754,2.0,22
bk6475,1.0,14
ch6057,2.0,45
ar9287,2.0,21
bm6234,1.0,21
bs1006,1.0,12
ca5845,1.0,8
cb6121,1.0,24
dh5008,1.0,20
al8943,1.0,42
ak5890,2.0,22
ca1975,2.0,12
as2674,1.0,8
ck4873,1.0,41
dr8416,2.0,53
cs5417,2.0,11
bd6345,2.0,35
bl3745,1.0,40
bo5114,1.0,46
ck8437,2.0,45
ag5931,2.0,10
bf5148,2.0,7
db2409,2.0,13
as2481,1.0,18
cd4187,2.0,16
aj3787,2.0,29
ae5810,2.0,16
cc6232,2.0,46
br8383,1.0,28
dc8417,1.0,16
ap8774,2.0,32
bb4001,2.0,46
cp9426,2.0,7
dh7522,1.0,3
ao3325,2.0,50
cs4540,2.0,32
cw3561,1.0,22
cm5322,1.0,4
ab5104,2.0,5
cw1038,2.0,3
aw8382,1.0,15
cb5065,2.0,31
bt1573,2.0,10
cs3610,2.0,31
db6530,1.0,4
cs1816,2.0,40
eh3966,1.0,40
gl5131,2.0,40
eu6734,1.0,6
gj1336,1.0,39
fe4839,2.0,42
ew9592,1.0,16
ed8801,1.0,10
gp4162,2.0,27
is6689,1.0,42
ie2276,2.0,9
ek4881,1.0,9
gj5319,1.0,16
dg3660,2.0,14
em6584,1.0,1
db1016,2.0,52
gl1897,2.0,43
da1878,1.0,38
ed7159,1.0,32
gr5445,1.0,20
fk6517,1.0,36
ea7463,2.0,11
dl7664,1.0,21
dk5949,2.0,28
do9924,1.0,1
ew2287,1.0,17
dw8054,1.0,18
fo7818,2.0,53
do2791,2.0,46
dl2872,2.0,35
hc9512,2.0,44
fw9529,1.0,4
fb6120,1.0,19
ej6416,2.0,51
gs5261,1.0,23
hs3812,2.0,30
er9643,2.0,43
gb9073,1.0,47
eh3135,2.0,32
ds7254,1.0,49
dw8693,1.0,22
eb5700,1.0,48
gb8971,2.0,43
eb9702,2.0,36
fm5811,2.0,36
il8896,2.0,35
eb7897,1.0,8
gb9628,1.0,21
el2162,2.0,2
dz1220,1.0,22
em9606,1.0,22
dd7048,2.0,34
hb4427,2.0,6
du5385,1.0,19
do7088,2.0,34
hh4615,2.0,28
gl1181,1.0,23
ds7549,1.0,44
ej6093,1.0,20
dt1755,1.0,19
gh1031,2.0,19
dg9379,2.0,4
hq7130,2.0,42
dl8726,1.0,18
fk3783,2.0,1
hs3254,1.0,17
eg9777,2.0,31
eh8403,1.0,47
dg1041,2.0,30
ew3399,1.0,52
dr5383,2.0,12
ib8603,2.0,3
ef2211,1.0,6
hs6780,2.0,10
dh7046,2.0,37
gl5818,2.0,53
gr4392,1.0,50
hm9327,1.0,13
er5239,1.0,33
ek3642,1.0,39
gr4591,1.0,33
fw2120,2.0,46
fc5125,2.0,38
hh1524,1.0,13
dg7321,1.0,37
dp4783,1.0,25
gd4593,1.0,15
dg7987,2.0,48
gr3326,1.0,12
dk1425,1.0,15
fr1588,2.0,4
hc6195,2.0,40
fa1972,2.0,16
ff4897,1.0,35
gj7421,2.0,25
dk5850,1.0,14
gh2561,2.0,28
gs2617,1.0,8
eb3303,2.0,9
dt1653,2.0,6
em9510,2.0,11
hh1856,1.0,51
eh6509,2.0,19
hm8630,2.0,35
eq3640,2.0,53
hw8828,2.0,19
ew8925,2.0,35
ek5867,1.0,14
dm6277,1.0,21
er2458,2.0,18
ew2185,1.0,27
gp3361,1.0,34
dh7362,2.0,46
eo6418,1.0,37
da3247,2.0,14
gd1891,2.0,1
dm4287,2.0,4
dj4017,2.0,28
dg3528,2.0,45
iw4518,2.0,24
ds8193,2.0,36
ds2879,2.0,19
hl4356,2.0,41
dw5475,2.0,46
ft1093,2.0,43
fs3719,1.0,3
ds2224,2.0,2
es8944,1.0,31
gt3176,2.0,42
dc7489,2.0,2
ek7386,2.0,29
fg4672,1.0,16
da2022,1.0,25
fs1546,1.0,40
ew7279,1.0,16
hh9927,2.0,24
gd6812,1.0,36
gh4919,1.0,9
hb6400,1.0,50
dl4708,2.0,48
fw1745,1.0,45
gb6345,2.0,43
ed1041,2.0,45
er8341,1.0,45
ej3628,1.0,41
gs3266,1.0,12
dm6239,2.0,53
fh7189,1.0,41
gr1809,2.0,26
hm5525,1.0,34
eg7228,1.0,24
em2859,1.0,13
eg5689,1.0,19
dc8436,2.0,1
eo5933,1.0,17
ek2555,2.0,36
ib9263,1.0,5
dl7100,2.0,17
gh1212,2.0,36
dc3082,1.0,4
em3990,2.0,30
dk9439,2.0,7
gs6695,1.0,22
gp6880,2.0,13
es9891,2.0,42
ds2211,2.0,9
er2244,2.0,7
do8320,2.0,8
er6539,1.0,36
ds2123,1.0,50
dg8738,2.0,5
dr9676,2.0,52
er2818,2.0,31
gc5107,2.0,2
da8807,2.0,38
gk3247,2.0,23
hs1177,1.0,33
hb7496,1.0,22
hd3109,2.0,47
dm9701,2.0,1
es2273,2.0,39
em7352,1.0,2
dr6246,2.0,42
dw2632,1.0,47
dh1318,1.0,37
ev8921,2.0,11
gw5806,1.0,14
dr3255,1.0,43
dh3792,1.0,52
dc5453,1.0,16
fh5083,1.0,5
ew8429,1.0,15
eb2377,2.0,16
fr6216,2.0,41
eb9389,1.0,33
ee6932,2.0,26
er9391,2.0,18
da4619,1.0,29
dr7544,1.0,9
ej7700,2.0,23
df7770,1.0,2
ds5937,2.0,31
hk5972,1.0,3
dg6925,1.0,21
em9445,2.0,17
gk9861,1.0,17
gc5114,1.0,4
dj1479,2.0,52
hr2868,1.0,32
fb4575,1.0,37
de5828,2.0,14
fm5590,2.0,5
fr8166,2.0,25
dl6390,1.0,36
df8189,1.0,49
